-- phpMyAdmin SQL Dump
-- version 4.1.12
-- http://www.phpmyadmin.net
--
-- Host: 127.0.0.1
-- Generation Time: Jul 09, 2014 at 04:21 AM
-- Server version: 5.6.16
-- PHP Version: 5.5.11

SET SQL_MODE = "NO_AUTO_VALUE_ON_ZERO";
SET time_zone = "+00:00";


/*!40101 SET @OLD_CHARACTER_SET_CLIENT=@@CHARACTER_SET_CLIENT */;
/*!40101 SET @OLD_CHARACTER_SET_RESULTS=@@CHARACTER_SET_RESULTS */;
/*!40101 SET @OLD_COLLATION_CONNECTION=@@COLLATION_CONNECTION */;
/*!40101 SET NAMES utf8 */;

--
-- Database: `kamarana_db`
--

-- --------------------------------------------------------

--
-- Table structure for table `admin`
--

CREATE TABLE IF NOT EXISTS `admin` (
  `id_admin` int(3) NOT NULL AUTO_INCREMENT,
  `nama` varchar(50) NOT NULL,
  `email` varchar(30) NOT NULL,
  `password` varchar(50) NOT NULL,
  `status` enum('Active','Deactive') NOT NULL,
  `level` enum('Admin','Master') NOT NULL,
  PRIMARY KEY (`id_admin`)
) ENGINE=InnoDB  DEFAULT CHARSET=latin1 AUTO_INCREMENT=6 ;

--
-- Dumping data for table `admin`
--

INSERT INTO `admin` (`id_admin`, `nama`, `email`, `password`, `status`, `level`) VALUES
(1, 'Muhammad Rafiq Zafir', 'mrz@kamarana.com', '1fb4052657cb15f8ebf796321aff2b14', 'Active', 'Master'),
(3, 'muhammad rafiq zafir', 'muhammad.rzafir@yahoo.com', 'e10adc3949ba59abbe56e057f20f883e', 'Deactive', 'Admin'),
(4, 'Administrator', 'admin@kamarana.com', 'e00cf25ad42683b3df678c61f42c6bda', 'Active', 'Admin'),
(5, 'Superadmin', 'super@kamarana.com', 'super', 'Active', 'Master');

-- --------------------------------------------------------

--
-- Table structure for table `category`
--

CREATE TABLE IF NOT EXISTS `category` (
  `id_cat` int(3) NOT NULL AUTO_INCREMENT,
  `name` varchar(25) NOT NULL,
  PRIMARY KEY (`id_cat`)
) ENGINE=InnoDB  DEFAULT CHARSET=latin1 AUTO_INCREMENT=3 ;

--
-- Dumping data for table `category`
--

INSERT INTO `category` (`id_cat`, `name`) VALUES
(1, 'Domestik'),
(2, 'Mancanegara');

-- --------------------------------------------------------

--
-- Table structure for table `city`
--

CREATE TABLE IF NOT EXISTS `city` (
  `id` int(11) NOT NULL AUTO_INCREMENT,
  `state_id` int(11) NOT NULL,
  `city_name` varchar(50) NOT NULL,
  PRIMARY KEY (`id`)
) ENGINE=InnoDB  DEFAULT CHARSET=latin1 AUTO_INCREMENT=505 ;

--
-- Dumping data for table `city`
--

INSERT INTO `city` (`id`, `state_id`, `city_name`) VALUES
(1, 1, 'Kabupaten Aceh Barat'),
(2, 1, 'Kabupaten Aceh Barat Daya'),
(3, 1, 'Kabupaten Aceh Besar'),
(4, 1, 'Kabupaten Aceh Jaya'),
(5, 1, 'Kabupaten Aceh Selatan'),
(6, 1, 'Kabupaten Aceh Singkil'),
(7, 1, 'Kabupaten Aceh Tamiang'),
(8, 1, 'Kabupaten Aceh Tengah'),
(9, 1, 'Kabupaten Aceh Tenggara'),
(10, 1, 'Kabupaten Aceh Timur'),
(11, 1, 'Kabupaten Aceh Utara'),
(12, 1, 'Kabupaten Bener Meriah'),
(13, 1, 'Kabupaten Bireuen'),
(14, 1, 'Kabupaten Gayo Lues'),
(15, 1, 'Kabupaten Nagan Raya'),
(16, 1, 'Kabupaten Pidie'),
(17, 1, 'Kabupaten Pidie Jaya'),
(18, 1, 'Kabupaten Simeulue'),
(19, 1, 'Banda Aceh'),
(20, 1, 'Langsa'),
(21, 1, 'Lhokseumawe'),
(22, 1, 'Sabang'),
(23, 1, 'Subulussalam'),
(24, 2, 'Kabupaten Asahan'),
(25, 2, 'Kabupaten Batubara'),
(26, 2, 'Kabupaten Dairi'),
(27, 2, 'Kabupaten Deli Serdang'),
(28, 2, 'Kabupaten Humbang Hasundutan'),
(29, 2, 'Kabupaten Karo'),
(30, 2, 'Kabupaten Labuhanbatu'),
(31, 2, 'Kabupaten Labuhanbatu Selatan'),
(32, 2, 'Kabupaten Labuhanbatu Utara'),
(33, 2, 'Kabupaten Langkat'),
(34, 2, 'Kabupaten Mandailing Natal'),
(35, 2, 'Kabupaten Nias'),
(36, 2, 'Kabupaten Nias Barat'),
(37, 2, 'Kabupaten Nias Selatan'),
(38, 2, 'Kabupaten Nias Utara'),
(39, 2, 'Kabupaten Padang Lawas'),
(40, 2, 'Kabupaten Padang Lawas utara'),
(41, 2, 'Kabupaten Pakpak Bharat'),
(42, 2, 'Kabupaten Samosir'),
(43, 2, 'Kabupaten Serdang Bedagai'),
(44, 2, 'Kabupaten Simalungun'),
(45, 2, 'Kabupaten Tapanuli Selatan'),
(46, 2, 'Kabupaten Tapanuli Tengah'),
(47, 2, 'Kabupaten Tapanuli Utara'),
(48, 2, 'Kabupaten Toba Samosir'),
(49, 2, 'Binjai'),
(50, 2, 'Gungungsitoli'),
(51, 2, 'Medan'),
(52, 2, 'Padangsidempuan'),
(53, 2, 'Pematangsiantar'),
(54, 2, 'Sibolga'),
(55, 2, 'Tanjungbalai'),
(56, 2, 'Tebing Tinggi'),
(57, 3, 'Kabupaten Agam'),
(58, 3, 'Kabupaten Dharmasraya'),
(59, 3, 'Kabupaten Kepulauan Mentawai'),
(60, 3, 'Kabupaten Lima Puluh Kota'),
(61, 3, 'Kabupaten Padang Pariaman'),
(62, 3, 'Kabupaten Pasaman'),
(63, 3, 'Kabupaten Pasaman Barat'),
(64, 3, 'Kabupaten Pesisir Selatan'),
(65, 3, 'Kabupaten Sijunjung'),
(66, 3, 'Kabupaten Solok'),
(67, 3, 'Kabupaten Solok Selatan'),
(68, 3, 'Kabupaten Tanah Datar'),
(69, 3, 'Bukittinggi'),
(70, 3, 'Padang'),
(71, 3, 'Padangpanjang'),
(72, 3, 'Pariaman'),
(73, 3, 'Payakumbuh'),
(74, 3, 'Sawahlunto'),
(75, 3, 'Solok'),
(76, 4, 'Kabupaten Bengkalis'),
(77, 4, 'Kabupaten Indragiri Hilir'),
(78, 4, 'Kabupaten Indragiri Hulu'),
(79, 4, 'Kabupaten Kampar'),
(80, 4, 'Kabupaten Kepulauan Meranti'),
(81, 4, 'Kabupaten Kuantan Singingi'),
(82, 4, 'Kabupaten Pelalawan'),
(83, 4, 'Kabupaten Rokan Hilir'),
(84, 4, 'Kabupaten Rokan Hulu'),
(85, 4, 'Kabupaten Siak'),
(86, 4, 'Dumai'),
(87, 4, 'Pekanbaru'),
(88, 5, 'Kabupaten Bintan'),
(89, 5, 'Kabupaten Karimun'),
(90, 5, 'Kabupaten Kepulauan Anambas'),
(91, 5, 'Kabupaten Lingga'),
(92, 5, 'Kabupaten Natuna'),
(93, 5, 'Batam'),
(94, 5, 'Tanjung Pinang'),
(95, 6, 'Kabupaten Batanghari'),
(96, 6, 'Kabupaten Bungo'),
(97, 6, 'Kabupaten Kerinci'),
(98, 6, 'Kabupaten Merangin'),
(99, 6, 'Kabupaten Muaro Jambi'),
(100, 6, 'Kabupaten Sarolangun'),
(101, 6, 'Kabupaten Tanjung Jabung Barat'),
(102, 6, 'Kabupaten Tanjung Jabung Timur'),
(103, 6, 'Kabupaten Tebo'),
(104, 6, 'Jambi'),
(105, 6, 'Sungai Penuh'),
(106, 7, 'Kabupaten Bengkulu Selatan'),
(107, 7, 'Kabupaten Bengkulu Tengah'),
(108, 7, 'Kabupaten Bengkulu Utara'),
(109, 7, 'Kabupaten Kaur'),
(110, 7, 'Kabupaten Kepahiang'),
(111, 7, 'Kabupaten Lebong'),
(112, 7, 'Kabupaten Mukomuko'),
(113, 7, 'Kabupaten Rejang Lebong'),
(114, 7, 'Kabupaten Seluma'),
(115, 7, 'Bengkulu'),
(116, 8, 'Kabupaten Banyuasin'),
(117, 8, 'Kabupaten Empat Lawang'),
(118, 8, 'Kabupaten Lahat'),
(119, 8, 'Kabupaten Muara Enim'),
(120, 8, 'Kabupaten Musi Banyuasin'),
(121, 8, 'Kabupaten Musi Rawas'),
(122, 8, 'Kabupaten Musi Rawas Utara'),
(123, 8, 'Kabupaten Ogan Ilir'),
(124, 8, 'Kabupaten Ogan Komering Ilir'),
(125, 8, 'Kabupaten Ogan Komering Ulu'),
(126, 8, 'Kabupaten Ogan Komering Ulu Selatan'),
(127, 8, 'Kabupaten Ogan Komering Ulu Timur'),
(128, 8, 'Kabupaten Penukai Abab Lematang Ilir'),
(129, 8, 'Lubuklinggau'),
(130, 8, 'Pagar Alam'),
(131, 8, 'Palembang'),
(132, 8, 'Prabumulih'),
(133, 9, 'Kabupaten Bangka'),
(134, 9, 'Kabupaten Bangka Barat'),
(135, 9, 'Kabupaten Bangka Selatan'),
(136, 9, 'Kabupaten Bangka Tengah'),
(137, 9, 'Kabupaten Belitung'),
(138, 9, 'Kabupaten Belitung Timur'),
(139, 9, 'Pangkal Pinang'),
(140, 10, 'Kabupaten Lampung Tengah'),
(141, 10, 'Kabupaten Lampung Utara'),
(142, 10, 'Kabupaten Lampung Selatan'),
(143, 10, 'Kabupaten Lampung Barat'),
(144, 10, 'Kabupaten Lampung Timur'),
(145, 10, 'Kabupaten Mesuji'),
(146, 10, 'Kabupaten Pesawaran'),
(147, 10, 'Kabupaten Pesisir Barat'),
(148, 10, 'Kabupaten Pringsewu'),
(149, 10, 'Kabupaten Tulang Bawang'),
(150, 10, 'Kabupaten Tulang Bawang Barat'),
(151, 10, 'Kabupaten Tanggamus'),
(152, 10, 'Kabupaten Way Kanan'),
(153, 10, 'Bandar Lampung'),
(154, 10, 'Metro'),
(155, 11, 'Kabupaten Lebak'),
(156, 11, 'Kabupaten Pandeglang'),
(157, 11, 'Kabupaten Serang'),
(158, 11, 'Kabupaten Tangerang'),
(159, 11, 'Cilegon'),
(160, 11, 'Serang'),
(161, 11, 'Tangerang'),
(162, 11, 'Tangerang Selatan'),
(163, 12, 'Kabupaten Bandung'),
(164, 12, 'Kabupaten Bandung Barat'),
(165, 12, 'Kabupaten Bekasi'),
(166, 12, 'Kabupaten Bogor'),
(167, 12, 'Kabupaten Ciamis'),
(168, 12, 'Kabupaten Cianjur'),
(169, 12, 'Kabupaten Cirebon'),
(170, 12, 'Kabupaten Garut'),
(171, 12, 'Kabupaten Indramayu'),
(172, 12, 'Kabupaten Karawang'),
(173, 12, 'Kabupaten Kuningan'),
(174, 12, 'Kabupaten Majalengka'),
(175, 12, 'Kabupaten Pangandaran'),
(176, 12, 'Kabupaten Purwakarta'),
(177, 12, 'Kabupaten Subang'),
(178, 12, 'Kabupaten Sukabumi'),
(179, 12, 'Kabupaten Tasikmalaya'),
(180, 12, 'Bandung'),
(181, 12, 'Banjar'),
(182, 12, 'Bekasi'),
(183, 12, 'Bogor'),
(184, 12, 'Cimahi'),
(185, 12, 'Cirebon'),
(186, 12, 'Depok'),
(187, 12, 'Sukabumi'),
(188, 12, 'Tasikmalaya'),
(189, 13, 'Kepulauan Seribu'),
(190, 13, 'Jakarta Barat'),
(191, 13, 'Jakarta Pusat'),
(192, 13, 'Jakarta Selatan'),
(193, 13, 'Jakarta TImur'),
(194, 13, 'Jakarta Utara'),
(195, 14, 'Kabupaten Banjarnegara'),
(196, 14, 'Kabupaten Banyumas'),
(197, 14, 'Kabupaten Batang'),
(198, 14, 'Kabupaten Biora'),
(199, 14, 'Kabupaten Boyolali'),
(200, 14, 'Kabupaten Brebes'),
(201, 14, 'Kabupaten Cilacap'),
(202, 14, 'Kabupaten Demak'),
(203, 14, 'Kabupaten Grobogan'),
(204, 14, 'Kabupaten Jepara'),
(205, 14, 'Kabupaten Karanganyar'),
(206, 14, 'Kabupaten Kebumen'),
(207, 14, 'Kabupaten Klaten'),
(208, 14, 'Kabupaten Kudus'),
(209, 14, 'Kabupaten Magelang'),
(210, 14, 'Kabupaten Pati'),
(211, 14, 'Kabupaten Pekalongan'),
(212, 14, 'Kabupaten Pemalang'),
(213, 14, 'Kabupaten Purbalingga'),
(214, 14, 'Kabupaten Purworejo'),
(215, 14, 'Kabupaten Rembang'),
(216, 14, 'Kabupaten Semarang'),
(217, 14, 'Kabupaten Sragen'),
(218, 14, 'Kabupaten Sukoharjo'),
(219, 14, 'Kabupaten Tegal'),
(220, 14, 'Kabupaten Temanggung'),
(221, 14, 'Kabupaten Wonogiri'),
(222, 14, 'Kabupaten Wonosobo'),
(223, 14, 'Magelang'),
(224, 14, 'Pekalongan'),
(225, 14, 'Salatiga'),
(226, 14, 'Semarang'),
(227, 14, 'Surakarta'),
(228, 14, 'Tegal'),
(229, 15, 'Kabupaten Bangkalan'),
(230, 15, 'Kabupaten Banyuwangi'),
(231, 15, 'Kabupaten Blitar'),
(232, 15, 'Kabupaten Bojonegoro'),
(233, 15, 'Kabupaten Bondowoso'),
(234, 15, 'Kabupaten Gresik'),
(235, 15, 'Kabupaten Jember'),
(236, 15, 'Kabupaten Jombang'),
(237, 15, 'Kabupaten Kediri'),
(238, 15, 'Kabupaten Lamongan'),
(239, 15, 'Kabupaten Lumajang'),
(240, 15, 'Kabupaten Madiun'),
(241, 15, 'Kabupaten Magetan'),
(242, 15, 'Kabupaten Malang'),
(243, 15, 'Kabupaten Mojokerto'),
(244, 15, 'Kabupaten Nganjuk'),
(245, 15, 'Kabupaten Ngawi'),
(246, 15, 'Kabupaten Pacitan'),
(247, 15, 'Kabupaten Pamekasan'),
(248, 15, 'Kabupaten Pasuruan'),
(249, 15, 'Kabupaten Ponorogo'),
(250, 15, 'Kabupaten Probolinggo'),
(251, 15, 'Kabupaten Sampang'),
(252, 15, 'Kabupaten Sidoarjo'),
(253, 15, 'Kabupaten Situbondo'),
(254, 15, 'Kabupaten Sumenep'),
(255, 15, 'Kabupaten Trenggalek'),
(256, 15, 'Kabupaten Tuban'),
(257, 15, 'Kabupaten Tulungagung'),
(258, 15, 'Batu'),
(259, 15, 'Blitar'),
(260, 15, 'Kediri'),
(261, 15, 'Madiun'),
(262, 15, 'Malang'),
(263, 15, 'Mojokerto'),
(264, 15, 'Pasuruan'),
(265, 15, 'Probolinggo'),
(266, 15, 'Surabaya'),
(267, 16, 'Kabupaten Bantul'),
(268, 16, 'Kabupaten Gunung Kidul'),
(269, 16, 'Kabupaten Kulon Progo'),
(270, 16, 'Kabupaten Sleman'),
(271, 16, 'Yogyakarta'),
(272, 17, 'Kabupaten Badung'),
(273, 17, 'Kabupaten Bangli'),
(274, 17, 'Kabupaten Buleleng'),
(275, 17, 'Kabupaten Gianyar'),
(276, 17, 'Kabupaten Jembrana'),
(277, 17, 'Kabupaten Karangasem'),
(278, 17, 'Kabupaten Klungkung'),
(279, 17, 'Kabupaten Tabanan'),
(280, 17, 'Denpasar'),
(281, 18, 'Kabupaten Bima'),
(282, 18, 'Kabupaten Dompu'),
(283, 18, 'Kabupaten Lombok Barat'),
(284, 18, 'Kabupaten Lombok Tengah'),
(285, 18, 'Kabupaten Lombok Timur'),
(286, 18, 'Kabupaten Lombok Utara'),
(287, 18, 'Kabupaten Sumbawa'),
(288, 18, 'Kabupaten Sumbawa Barat'),
(289, 18, 'Bima'),
(290, 18, 'Mataram'),
(291, 19, 'Kabupaten Alor'),
(292, 19, 'Kabupaten Belu'),
(293, 19, 'Kabupaten Ende'),
(294, 19, 'Kabupaten Flores Timur'),
(295, 19, 'Kabupaten Kupang'),
(296, 19, 'Kabupaten Lembata'),
(297, 19, 'Kabupaten Malaka'),
(298, 19, 'Kabupaten Manggarai'),
(299, 19, 'Kabupaten Manggarai Barat'),
(300, 19, 'Kabupaten Manggarai Timur'),
(301, 19, 'Kabupaten Ngada'),
(302, 19, 'Kabupaten Nagekeo'),
(303, 19, 'Kabupaten Rote Ndao'),
(304, 19, 'Kabupaten Sabu Raijua'),
(305, 19, 'Kabupaten Sikka'),
(306, 19, 'Kabupaten Sumba Barat Daya'),
(307, 19, 'Kabupaten Sumba Tengah'),
(308, 19, 'Kabupaten Sumba Timur'),
(309, 19, 'Kabupaten Timor Tengah Selatan'),
(310, 19, 'Kabupaten Timor Tengah Utara'),
(311, 19, 'Kupang'),
(312, 20, 'Kabupaten Bengkayang'),
(313, 20, 'Kabupaten Kapuas Hulu'),
(314, 20, 'Kabupaten Kayong Utara'),
(315, 20, 'Kabupaten Ketapang'),
(316, 20, 'Kabupaten Kubu Raya'),
(317, 20, 'Kabupaten Landak'),
(318, 20, 'Kabupaten Melawi'),
(319, 20, 'Kabupaten Pontianak'),
(320, 20, 'Kabupaten Sambas'),
(321, 20, 'Kabupaten Sanggau'),
(322, 20, 'Kabupaten Sekadau'),
(323, 20, 'Kabupaten Sintang'),
(324, 20, 'Pontianak'),
(325, 20, 'Singkawang'),
(326, 21, 'Kabupaten Balangan'),
(327, 21, 'Kabupaten Banjar'),
(328, 21, 'Kabupaten Barito Kuala'),
(329, 21, 'Kabupaten Hulu Sungai Selatan'),
(330, 21, 'Kabupaten Hulu Sungai Tengah'),
(331, 21, 'Kabupaten Hulu Sungai Utara'),
(332, 21, 'Kabupaten Kotabaru'),
(333, 21, 'Kabupaten Tabalong'),
(334, 21, 'Kabupaten Tanah Bumbu'),
(335, 21, 'Kabupaten Tanah Laut'),
(336, 21, 'Kabupaten Tapin'),
(337, 21, 'Banjarbaru'),
(338, 21, 'Banjarmasin'),
(339, 22, 'Kabupaten Barito Selatan'),
(340, 22, 'Kabupaten Barito Timur'),
(341, 22, 'Kabupaten Barito Utara'),
(342, 22, 'Kabupaten Gunung Mas'),
(343, 22, 'Kabupaten Kapuas'),
(344, 22, 'Kabupaten Katingan'),
(345, 22, 'Kabupaten Kotawaringin Barat'),
(346, 22, 'Kabupaten Kotawaringin Timur'),
(347, 22, 'Kabupaten Lamandau'),
(348, 22, 'Kabupaten Murung Raya'),
(349, 22, 'Kabupaten Pulang Pisau'),
(350, 22, 'Kabupaten Sukamara'),
(351, 22, 'Kabupaten Seruyan'),
(352, 22, 'Palangka Raya'),
(353, 23, 'Kabupaten Berau'),
(354, 23, 'Kabupaten Kutai Barat'),
(355, 23, 'Kabupaten Kutai Kartanegara'),
(356, 23, 'Kabupaten Kutai Timur'),
(357, 23, 'Kabupaten Mahakam Ulu'),
(358, 23, 'Kabupaten Paser'),
(359, 23, 'Kabupaten Penajam Paser Utara'),
(360, 23, 'Balikpapan'),
(361, 23, 'Bontang'),
(362, 23, 'Samarinda'),
(363, 24, 'Kabupaten Bulungan'),
(364, 24, 'Kabupaten Malinau'),
(365, 24, 'Kabupaten Nunukan'),
(366, 24, 'Kabupaten Tana Tidung'),
(367, 24, 'Tarakan'),
(368, 25, 'Kabupaten Boalemo'),
(369, 25, 'Kabupaten Bone Bolango'),
(370, 25, 'Kabupaten Gorontalo'),
(371, 25, 'Kabupaten Gorontalo Utara'),
(372, 25, 'Kabupaten Pohuwato'),
(373, 25, 'Gorontalo'),
(374, 26, 'Kabupaten Bantaeng'),
(375, 26, 'Kabupaten Barru'),
(376, 26, 'Kabupaten Bone'),
(377, 26, 'Kabupaten Bulukumba'),
(378, 26, 'Kabupaten Enrekang'),
(379, 26, 'Kabupaten Gowa'),
(380, 26, 'Kabupaten Jeneponto'),
(381, 26, 'Kabupaten Kepulauan Selayar'),
(382, 26, 'Kabupaten Luwu'),
(383, 26, 'Kabupaten Luwu Timur'),
(384, 26, 'Kabupaten Luwu Utara'),
(385, 26, 'Kabupaten Maros'),
(386, 26, 'Kabupaten Pangkajene dan Kepulauan'),
(387, 26, 'Kabupaten Pinrang'),
(388, 26, 'Kabupaten Sidenreng Rappang'),
(389, 26, 'Kabupaten Sinjai'),
(390, 26, 'Kabupaten Soppeng'),
(391, 26, 'Kabupaten Takalar'),
(392, 26, 'Kabupaten Tana Toraja'),
(393, 26, 'Kabupaten Toraja Utara'),
(394, 26, 'Kabupaten Wajo'),
(395, 26, 'Makassar'),
(396, 26, 'Palopo'),
(397, 26, 'Parepare'),
(398, 27, 'Kabupaten Bombana'),
(399, 27, 'Kabupaten Buton'),
(400, 27, 'Kabupaten Buton Utara'),
(401, 27, 'Kabupaten Kolaka'),
(402, 27, 'Kabupaten Kolaka Timur'),
(403, 27, 'Kabupaten Kolaka Utara'),
(404, 27, 'Kabupaten Konawe'),
(405, 27, 'Kabupaten Konawe Kepulauan'),
(406, 27, 'Kabupaten Konawe Selatan'),
(407, 27, 'Kabupaten Konawe Utara'),
(408, 27, 'Kabupaten Muna'),
(409, 27, 'Kabupaten Wakatobi'),
(410, 27, 'Bau-Bau'),
(411, 27, 'Kendari'),
(412, 28, 'Kabupaten Banggai'),
(413, 28, 'Kabupaten Banggai Kepulauan'),
(414, 28, 'Kabupaten Banggai Laut'),
(415, 28, 'Kabupaten Buoi'),
(416, 28, 'Kabupaten Donggala'),
(417, 28, 'Kabupaten Morowali'),
(418, 28, 'Kabupaten Morowali Utara'),
(419, 28, 'Kabupaten Parigi Moutong'),
(420, 28, 'Kabupaten Poso'),
(421, 28, 'Kabupaten Sigi'),
(422, 28, 'Kabupaten Tojo Una-Una'),
(423, 28, 'Kabupaten Toli-Toli'),
(424, 28, 'Palu'),
(425, 29, 'Kabupaten Bolaang Mongondow'),
(426, 29, 'Kabupaten Bolaang Mongondow Selatan'),
(427, 29, 'Kabupaten Bolaang Mongondow Timur'),
(428, 29, 'Kabupaten Bolaang Mongondow Utara'),
(429, 29, 'Kabupaten Kepulauan Sangihe'),
(430, 29, 'Kabupaten Kepulauan Siau Tagulandang Biaro'),
(431, 29, 'Kabupaten Kepulauan Talaud'),
(432, 29, 'Kabupaten Minahasa'),
(433, 29, 'Kabupaten Minahasa Selatan'),
(434, 29, 'Kabupaten Minahasa Tenggara'),
(435, 29, 'Kabupaten Minahasa Utara'),
(436, 29, 'Bitung'),
(437, 29, 'Kotamobagu'),
(438, 29, 'Manado'),
(439, 29, 'Tomohon'),
(440, 30, 'Kabupaten Majene'),
(441, 30, 'Kabupaten Mamasa'),
(442, 30, 'Kabupaten Mamuju'),
(443, 30, 'Kabupaten Mamuju Tengah'),
(444, 30, 'Kabupaten Polewali Mandar'),
(445, 31, 'Kabupaten Buru'),
(446, 31, 'Kabupaten Buru Selatan'),
(447, 31, 'Kabupaten Kepulauan Aru'),
(448, 31, 'Kabupaten Maluku Barat Daya'),
(449, 31, 'Kabupaten Maluku Tengah'),
(450, 31, 'Kabupaten Maluku Tenggara Barat'),
(451, 31, 'Kabupaten Seram Bagian Barat'),
(452, 31, 'Kabupaten Seram Bagian Timur'),
(453, 31, 'Ambon'),
(454, 31, 'Tuai'),
(455, 32, 'Kabupaten Halmahera Barat'),
(456, 32, 'Kabupaten Halmahera Tengah'),
(457, 32, 'Kabupaten Halhamera Selatan'),
(458, 32, 'Kabupaten Kepulauan Sula'),
(459, 32, 'Kabupaten Halhamera Timur'),
(460, 32, 'Kabupaten Pulau Morotai'),
(461, 32, 'Kabupaten Pulau Taliabu'),
(462, 32, 'Ternate'),
(463, 32, 'Tidore Kepulauan'),
(464, 33, 'Kabupaten Asmat'),
(465, 33, 'Kabupaten Biak Numfor'),
(466, 33, 'Kabupaten Boven Digoel'),
(467, 33, 'Kabupaten Deiyai'),
(468, 33, 'Kabupaten Dogiyai'),
(469, 33, 'Kabupaten Intan Jaya'),
(470, 33, 'Kabupaten Jayapura'),
(471, 33, 'Kabupaten Jayawijaya'),
(472, 33, 'Kabupaten Keerom'),
(473, 33, 'Kabupaten Kepulauan Yapen'),
(474, 33, 'Kabupaten Lanny Jaya'),
(475, 33, 'Kabupaten Mamberamo Raya'),
(476, 33, 'Kabupaten Mamberamo Tengah'),
(477, 33, 'Kabupaten Mappi'),
(478, 33, 'Kabupaten Merauke'),
(479, 33, 'Kabupaten Mimika'),
(480, 33, 'Kabupaten Nabire'),
(481, 33, 'Kabupaten Nduga'),
(482, 33, 'Kabupaten Paniai'),
(483, 33, 'Kabupaten Pegunungan Bintang'),
(484, 33, 'Kabupaten Puncak'),
(485, 33, 'Kabupaten Sarmi'),
(486, 33, 'Kabupaten Supiori'),
(487, 33, 'Kabupaten Tolikara'),
(488, 33, 'Kabupaten Waropen'),
(489, 33, 'Kabupaten Yahukimo'),
(490, 33, 'Kabupaten Yalimo'),
(491, 33, 'Jayapura'),
(492, 34, 'Kabupaten Fakfak'),
(493, 34, 'Kabupaten Kaimana'),
(494, 34, 'Kabupaten Manokwari'),
(495, 34, 'Kabupaten Manokwari Selatan'),
(496, 34, 'Kabupaten Maybrat'),
(497, 34, 'Kabupaten Pegunungan Arfak'),
(498, 34, 'Kabupaten Raja Ampat'),
(499, 34, 'Kabupaten Sorong'),
(500, 34, 'Kabupaten Sorong Selatan'),
(501, 34, 'Kabupaten Tambrauw'),
(502, 34, 'Kabupaten Teluk Bintuni'),
(503, 34, 'Kabupaten Teluk Wondama'),
(504, 34, 'Sorong');

-- --------------------------------------------------------

--
-- Table structure for table `comment`
--

CREATE TABLE IF NOT EXISTS `comment` (
  `id` int(25) NOT NULL AUTO_INCREMENT,
  `comment` text NOT NULL,
  `id_user` int(11) NOT NULL,
  `id_post` int(11) NOT NULL,
  `status` tinyint(1) NOT NULL,
  `comment_time` timestamp NOT NULL DEFAULT '0000-00-00 00:00:00' ON UPDATE CURRENT_TIMESTAMP,
  PRIMARY KEY (`id`)
) ENGINE=InnoDB  DEFAULT CHARSET=latin1 AUTO_INCREMENT=87 ;

--
-- Dumping data for table `comment`
--

INSERT INTO `comment` (`id`, `comment`, `id_user`, `id_post`, `status`, `comment_time`) VALUES
(1, 'Wih keren bingits gan, wkwkwk.', 1, 117, 0, '2014-07-08 06:14:49'),
(2, 'Apa sih kak, haha.', 2, 117, 1, '2014-07-08 06:48:45'),
(3, 'Wow!', 2, 116, 0, '2014-07-08 07:48:56'),
(64, 'Wkaka ngomen sendiri -___-', 1, 116, 1, '2014-07-06 00:57:42'),
(65, 'Gpp kak', 1, 117, 0, '2014-07-08 06:19:08'),
(66, 'Wkwkwkwk', 1, 117, 0, '2014-07-08 06:19:41'),
(78, 'tes', 1, 116, 1, '2014-07-07 20:13:51'),
(79, 'cek', 1, 116, 1, '2014-07-07 21:20:13'),
(80, 'tes komen', 1, 116, 1, '2014-07-07 21:20:23'),
(81, 'tes lagi', 1, 116, 1, '2014-07-07 21:21:16'),
(82, 'There are many variations of passages of Lorem Ipsum available, but the majority have suffered alteration in some form, by injected humour, or randomised words which don''t look even slightly believable. If you are going to use a passage of Lorem Ipsum, you need to be sure there isn''t anything embarrassing hidden in the middle of text. All the Lorem Ipsum generators on the Internet tend to repeat', 1, 116, 1, '2014-07-07 21:34:48'),
(83, 'Horeeeee', 20, 119, 1, '2014-07-07 22:44:22'),
(84, 'Asiik', 19, 121, 1, '2014-07-07 23:49:11'),
(85, 'Jangan ngespam plis', 2, 116, 1, '2014-07-08 22:16:24'),
(86, 'Wkwk', 23, 116, 1, '2014-07-08 23:21:40');

-- --------------------------------------------------------

--
-- Table structure for table `country`
--

CREATE TABLE IF NOT EXISTS `country` (
  `id` int(11) NOT NULL AUTO_INCREMENT,
  `country_name` varchar(50) NOT NULL,
  PRIMARY KEY (`id`)
) ENGINE=InnoDB  DEFAULT CHARSET=latin1 AUTO_INCREMENT=193 ;

--
-- Dumping data for table `country`
--

INSERT INTO `country` (`id`, `country_name`) VALUES
(1, 'Afghanistan'),
(2, 'Afrika Selatan'),
(3, 'Afrika Tengah'),
(4, 'Albania'),
(5, 'Aljazair'),
(6, 'Amerika Serikat'),
(7, 'Andorra'),
(8, 'Angola'),
(9, 'Antigua dan Barbuda'),
(10, 'Arab Saudi'),
(11, 'Argentina'),
(12, 'Armenia'),
(13, 'Australia'),
(14, 'Austria'),
(15, 'Azerbaijan'),
(16, 'Bahama'),
(17, 'Bahrain'),
(18, 'Bangladesh'),
(19, 'Barbados'),
(20, 'Belanda'),
(21, 'Belarus'),
(22, 'Belgia'),
(23, 'Belize'),
(24, 'Benin'),
(25, 'Bhutan'),
(26, 'Bolivia'),
(27, 'Bosnia dan Herzegovina'),
(28, 'Botswana'),
(29, 'Brasil'),
(30, 'Inggris'),
(31, 'Brunei Darussalam'),
(32, 'Bulgaria'),
(33, 'Burkina Faso'),
(34, 'Burundi'),
(35, 'Ceko'),
(36, 'Chad'),
(37, 'Chile'),
(38, 'Denmark'),
(39, 'Djibouti'),
(40, 'Dominika'),
(41, 'Dominika Republik'),
(42, 'Ekuador'),
(43, 'El Savador'),
(44, 'Eritrea'),
(45, 'Estonia'),
(46, 'Ethiopia'),
(47, 'Fiji'),
(48, 'Filipina'),
(49, 'Finlandia'),
(50, 'Gabon'),
(51, 'Gambia'),
(52, 'Georgia'),
(53, 'Ghana'),
(54, 'Grenada'),
(55, 'Guatemala'),
(56, 'Guinea'),
(57, 'Guinea Bissau'),
(58, 'Guinea Equator'),
(59, 'Guyana'),
(60, 'Haiti'),
(61, 'Honduras'),
(62, 'Hungaria'),
(63, 'India'),
(64, 'Indonesia'),
(65, 'Irak'),
(66, 'Iran'),
(67, 'Irlandia'),
(68, 'Islandia'),
(69, 'Israel'),
(70, 'Italia'),
(71, 'Jamaika'),
(72, 'Jepang'),
(73, 'Jerman'),
(74, 'Kamboja'),
(75, 'Kamerun'),
(76, 'Kanada'),
(77, 'Kazakhstan'),
(78, 'Kenya'),
(79, 'Kirgiztan'),
(80, 'Kiribati'),
(81, 'Kolombia'),
(82, 'Komoro'),
(83, 'Kongo'),
(84, 'Kongo Demokratik'),
(85, 'Korea Selatan'),
(86, 'Korea Utara'),
(87, 'Kosta Rika'),
(88, 'Kroasia'),
(89, 'Kuba'),
(90, 'Kuwait'),
(91, 'Laos'),
(92, 'Latvia'),
(93, 'Lebanon'),
(94, 'Lesotho'),
(95, 'LIberia'),
(96, 'Libia'),
(97, 'Liechtenstein'),
(98, 'LIthuana'),
(99, 'Luksemburg'),
(100, 'Madagaskar'),
(101, 'Makedonia'),
(102, 'Maladewa'),
(103, 'Malawi'),
(104, 'Malaysia'),
(105, 'Mali'),
(106, 'Malta'),
(107, 'Maroko'),
(108, 'Marshall Island'),
(109, 'Mauritania'),
(110, 'Mauritius'),
(111, 'Meksiko'),
(112, 'Mesir'),
(113, 'Mikronesia'),
(114, 'Moldova'),
(115, 'Monako'),
(116, 'Mongolia'),
(117, 'Montenegro'),
(118, 'Mozambik'),
(119, 'Myanmar'),
(120, 'Namibia'),
(121, 'Nauru'),
(122, 'Nepal'),
(123, 'Niger'),
(124, 'Nigeria'),
(125, 'Nikaragua'),
(126, 'Norwegia'),
(127, 'Oman'),
(128, 'Pakistan'),
(129, 'Palau'),
(130, 'Panama'),
(131, 'Pantai Gading'),
(132, 'Papua Nugini'),
(133, 'Paraguay'),
(134, 'Prancis'),
(135, 'Peru'),
(136, 'Polandia'),
(137, 'Portugal'),
(138, 'Qatar'),
(139, 'Romania'),
(140, 'Rusia'),
(141, 'Rwanda'),
(142, 'Saint Vincent and Grenadines'),
(143, 'Samoa'),
(144, 'San Marino'),
(145, 'Sao Tome and Principe'),
(146, 'Selandia Baru'),
(147, 'Senegal'),
(148, 'Serbia'),
(149, 'Seychelles'),
(150, 'Sierra Leone'),
(151, 'Suriah'),
(152, 'Siprus'),
(153, 'Slovakia'),
(154, 'Slovenia'),
(155, 'Solomon Island'),
(156, 'Somalia'),
(157, 'Spanyol'),
(158, 'Sri Lanka'),
(159, 'Sudan'),
(160, 'Sudan Selatan'),
(161, 'Singapura'),
(162, 'Suriname'),
(163, 'Swaziland'),
(164, 'Swedia'),
(165, 'Swiss'),
(166, 'Tajikistan'),
(167, 'Tanjung Verde'),
(168, 'Tanzania'),
(169, 'Thailand'),
(170, 'Timor Leste'),
(171, 'Tiongkok'),
(172, 'Togo'),
(173, 'Tonga'),
(174, 'Trinidad dan Tobago'),
(175, 'Tunisia'),
(176, 'Turki'),
(177, 'Turkmenistan'),
(178, 'Tuvalu'),
(179, 'Uganda'),
(180, 'Ukraina'),
(181, 'Uni Emirat Arab'),
(182, 'Uruguay'),
(183, 'Uzbekistan'),
(184, 'Vanuatu'),
(185, 'Vatikan'),
(186, 'Venezuela'),
(187, 'Vietnam'),
(188, 'Yaman'),
(189, 'Yordania'),
(190, 'Yunani'),
(191, 'Zambia'),
(192, 'ZImbabwe');

-- --------------------------------------------------------

--
-- Table structure for table `post`
--

CREATE TABLE IF NOT EXISTS `post` (
  `id_post` int(11) NOT NULL AUTO_INCREMENT,
  `id_user` int(11) NOT NULL,
  `title` varchar(200) NOT NULL,
  `content` text NOT NULL,
  `cat_id` int(3) NOT NULL,
  `subcat_id` int(3) NOT NULL,
  `longtrip` int(3) NOT NULL,
  `country_id` int(11) NOT NULL,
  `state_id` int(11) NOT NULL,
  `city_id` int(11) NOT NULL,
  `date_start` varchar(10) DEFAULT NULL,
  `date_end` varchar(10) DEFAULT NULL,
  `post_time` timestamp NOT NULL DEFAULT '0000-00-00 00:00:00' ON UPDATE CURRENT_TIMESTAMP,
  `totalcost` varchar(25) NOT NULL,
  `featpic` varchar(200) DEFAULT NULL,
  `status` enum('saved','published','deleted') NOT NULL,
  PRIMARY KEY (`id_post`)
) ENGINE=MyISAM  DEFAULT CHARSET=latin1 AUTO_INCREMENT=168 ;

--
-- Dumping data for table `post`
--

INSERT INTO `post` (`id_post`, `id_user`, `title`, `content`, `cat_id`, `subcat_id`, `longtrip`, `country_id`, `state_id`, `city_id`, `date_start`, `date_end`, `post_time`, `totalcost`, `featpic`, `status`) VALUES
(116, 2, 'This is sample post title one', '<p>Lorem Ipsum is simply dummy text of the printing and typesetting industry. Lorem Ipsum has been the industry''s standard dummy text ever since the 1500s, when an unknown printer took a galley of type and scrambled it to make a type specimen book. It has survived not only five centuries, but also the leap into electronic typesetting, remaining essentially unchanged. It was popularised in the 1960s with the release of Letraset sheets containing Lorem Ipsum passages, and more recently with desktop publishing software like Aldus PageMaker including versions of Lorem Ipsum.&nbsp;</p>\r\n<p>Lorem Ipsum has been the industry''s standard dummy text ever since the 1500s, when an unknown printer took a galley of type and scrambled it to make a type specimen book. It has survived not only five centuries, but also the leap into electronic typesetting, remaining essentially unchanged. It was popularised in the 1960s with the release of Letraset sheets containing Lorem Ipsum passages, and more recently with desktop publishing software like Aldus PageMaker including versions of Lorem Ipsum.&nbsp;</p>\r\n<p>Lorem Ipsum has been the industry''s standard dummy text ever since the 1500s, when an unknown printer took a galley of type and scrambled it to make a type specimen book. It has survived not only five centuries, but also the leap into electronic typesetting, remaining essentially unchanged. It was popularised in the 1960s with the release of Letraset sheets containing Lorem Ipsum passages, and more recently with desktop publishing software like Aldus PageMaker including versions of Lorem Ipsum.&nbsp;</p>\r\n<p>Terima kasih &gt;.|||</p>', 1, 2, 12, 64, -1, -1, '07/06/2014', '07/18/2014', '2014-07-08 12:41:53', '6000000', NULL, 'published'),
(117, 3, 'ass', 'asas', 1, 3, 12, 64, 0, 0, NULL, NULL, '2014-07-08 12:33:29', '', NULL, 'deleted'),
(118, 20, 'Postingan dari vicky', '<p>Tes postingan dari vicky</p>', 2, 5, 8, 6, -1, -1, '07/08/2014', '07/16/2014', '2014-07-08 22:53:27', '7000000000', NULL, 'published'),
(119, 20, 'Vicky memposting lagi tulisan', '<p>cek lagi</p>', 2, 6, 3, 48, -1, -1, '07/08/2014', '07/11/2014', '2014-07-08 10:05:40', '4000000', NULL, 'published'),
(121, 19, 'Tulisan pertama rifki wijaya', '<p>Ini adalah tulisan dari rifki wijaya. Abaikan</p>', 2, 3, 2, -1, -1, -1, '07/12/2014', '07/14/2014', '2014-07-08 10:05:42', '50000000', NULL, 'published'),
(122, 2, 'Explore Bangkok - Day 1', '<p>Perjalanan ini dimulai ketika gw iseng-iseng menjelajahi situ airasia.com, kebetulan banget gw nemuin tiket promo ke Bangkok yang muraaaaaaaaah abis. Ga pake lama gw buking deh, beserta ke 5 temen gw Pukis, Icha, Piki, Icmi dan Rama.</p>\r\n<p>Gooooooo. . Perjalanan dimulai !!</p>\r\n<h3><strong>Day 1</strong></h3>\r\n<h3>Rabu, 21 Mei 2014</h3>\r\n<p>Perjalanan dimulai dari Kota Bandung, kita ber-6 langsung menuju Primajasa sekitar jam 10an, pesawat kita take off jam 4 sore sih, tapi takut kenapa-kenapa dijalan jadi mendingan datang lebih cepet. Ongkos dari Primajasa ke Soetta Rp. 90.000.</p>\r\n<p>ngeeeeeeeeeeeeng menikmati perjalanan.</p>\r\n<p><img src="http://1.bp.blogspot.com/-xRJF3e4e8O4/U6fQwDePtGI/AAAAAAAAA7U/EQPvdhdNe6U/s1600/IMG_3622.JPG" alt="" width="300" height="225" /></p>\r\n<p>Gw and Pukis @ Primajasa</p>\r\n<p>Ternyata jam 1 udah nyampe cengkareng donk, yasudah kita makan-makan dulu deh di KFC Terminal 2F Rp. 25.000 &nbsp;Super Kenyaaaang. .</p>\r\n<p><img src="http://1.bp.blogspot.com/-9rYPc5uSiRc/U6fROxyXq6I/AAAAAAAAA7c/exPm7NbDLjw/s1600/1.JPG" alt="" width="300" height="225" /></p>\r\n<p>Pukis &amp; Rama di KFC</p>\r\n<p>Setelah makan, kita solat dulu, trus capcus ke Terminal 3. Karena sekarang semua penerbangan Airasia dipindah ke Terminal 3. Ngeeeeeeeeng. . Karena take off masih lama, akhirnya kita dudu dudu dulu sambil tiduraaaaaaaaaaan di terminal 3. Jam 3.40 kita langsung masuk boarding dan caaaaaaaw. Dikarenakan Airasia belum termasuk Airporttax, akhirnya kita musti bayar lagi deh Airport tax buat penerbangan International sebesar Rp. 150.000 Mahal ya :(</p>\r\n<p><img src="http://4.bp.blogspot.com/-n4wY-XNDlSw/U6fRqML49DI/AAAAAAAAA7k/R8ty4Gle1Ho/s1600/2.JPG" alt="" width="300" height="225" /></p>\r\n<p>Gw and Rama at Terminal 3 Soetta</p>\r\n<p>Tak terasa, akhirnya kita berangkat juga braaaay. Bangkok Hereeee i cooomee. . .</p>\r\n<p><img src="http://3.bp.blogspot.com/-A9uEoXf1Kq4/U6fScwuTizI/AAAAAAAAA7s/-_39YN5ZF1E/s1600/3.JPG" alt="" width="300" height="225" /></p>\r\n<p>Menuju Pesawat Ready to Flyyyyy. .. &nbsp;</p>\r\n<p><img src="http://2.bp.blogspot.com/-s4azJ0Y4INM/U6fSy1a6SuI/AAAAAAAAA70/6P6OIkabS58/s1600/4.JPG" alt="" width="300" height="206" /></p>\r\n<p>Best Seat for Me</p>\r\n<p>Gw penikmat perjalanan, jadi gw selalu pick a seat kalo naik pesawat, meskipun harus ngeluarin duit 30.000 buat the best seat yaitu deket jendela, karena gw sudah memprediksikan bahwa keberangkatan jam 4 sore itu adalah waktu yang pas dan tepat sekali buat liat sunset diatas langit hihihihi. . . Let''s Fly Awaaay !!</p>\r\n<p>Setelah Take Off, perut terasa laper nih, akhirnya gw beli makanan juga meskipun mahaaaal abis.&nbsp;</p>\r\n<p><img src="http://1.bp.blogspot.com/-HWBsx8AQUj8/U6fTxGQv2kI/AAAAAAAAA8A/lrgGEeLmhx4/s1600/5.JPG" alt="" width="300" height="225" /></p>\r\n<p>Lupa lagi nama nya. . Pokoknya Rp. 45.000</p>\r\n<p><img src="http://4.bp.blogspot.com/-JhkVlDe6PQA/U6fU5nUAUHI/AAAAAAAAA8U/6RCPvbLJ6ek/s1600/8.JPG" alt="" width="300" height="200" /></p>\r\n<p>The Best Ice Chocolate with Jelly Rp. 25.000</p>\r\n<p>Entah kenapa ini chocolate enak banget, di bandung ada yang jualan dimana ya ??? Setelah makan, saatnya motret sunset, dan bener tebakan gw, teranyata Sunsetnya ituuuu . . Indaaaaaaaaaaaah banget. . .&nbsp;</p>\r\n<p><img src="http://3.bp.blogspot.com/-0Xh-g6sg1GQ/U6fVa4rXshI/AAAAAAAAA8k/MSf9fj3uAG0/s1600/9.JPG" alt="" width="300" height="200" /></p>\r\n<p>Dark and Bright</p>\r\n<p>Setelah menikmati keindahan dari atas sana. . . gw lelah juga, tidur deh. . . Ga lama kemudian, kita nyampe juga di Bangkok sekitar jam 8 Malem. Ga kerasa yaa. . . Sampe juga di Don Muang Airport.&nbsp;</p>\r\n<p>&nbsp;<img src="http://2.bp.blogspot.com/-wnXs2z-Vx20/U6fWAiZC9JI/AAAAAAAAA8w/dWwiOVgLbqY/s1600/10.JPG" alt="" width="300" height="225" /></p>\r\n<p>Don Muang Airport</p>\r\n<p>Sedikit info tentang Don Muang Airport ini tidak sebesar Shuvarnabhumi Airport, tapi kenyamananya tetep oke lah dibandung Husein Sastranegara Airportnya Bandung :hammer. Setelah Sampe di Don Muang, kita ke toilet dulu dan capcus menuju pemberhentian.&nbsp;</p>\r\n<p><img src="http://1.bp.blogspot.com/-m8kAfdNqjGw/U6fWfbrwCyI/AAAAAAAAA84/LzJe3v_p8YQ/s1600/11.JPG" alt="" width="300" height="199" /></p>\r\n<p>Foto dulu sambil nungguin Bus.</p>\r\n<p>Penginapan kita kebetulan di daearah Silom, jadi untuk menuju kesana kita musti naik dulu bus A1 dan turun di Chatuchack Park. Habis itu kita naik BTS ke daerah Silom. Ga lama kemudia bis A1 datang, kita segera naek deeeh. .&nbsp;</p>\r\n<p><img src="http://1.bp.blogspot.com/-3zpVhf-xy_Q/U6fW_EVNUfI/AAAAAAAAA9A/ttsyunb92dg/s1600/12.JPG" alt="" width="300" height="225" /></p>\r\n<p>Supir Bus nya Ceweeeek</p>\r\n<p>Ane bener-bener terkesan setelah tau bahwa supir bus dan kondekturnya cewek, ibu ibu gitu lah, padahal itu udah jam 9an loh, tapi mereka masih kerja. Salut dah . . Agak sulit juga berkomunikasi dengan warga Thailand karena udah dari sananya katanya penduduk ga banyak yg bisa berbahasa inggris, akhirnya kita pake bahasa tubuh aja hahahah Ongkos Bus B16 atau sekitar Rp. 5000.</p>\r\n<p>Sesampainya di Chatuchak Park, kita langsung naik ke BTS (Bangkok Mass Transit) menuju ke daerah Silom.&nbsp;</p>\r\n<p><img src="http://3.bp.blogspot.com/-c0Ibk6U-Mq8/U6fYFYpEdlI/AAAAAAAAA9M/mn3dIXMvtdM/s1600/13.JPG" alt="" width="300" height="400" /></p>\r\n<p><img src="http://4.bp.blogspot.com/-qOoRuOa7Rxg/U6fZBxmAxUI/AAAAAAAAA9c/8eVEToh-tPw/s1600/15.JPG" alt="" width="300" height="225" /></p>\r\n<p>BTS Ticket</p>\r\n<p>Ongkos dari BTS Mo Chit &nbsp;- BTS Surasak adalah 42 Bath atau sebesar Rp. 15.000.&nbsp;</p>\r\n<p>&nbsp;<img src="http://2.bp.blogspot.com/-hg36cANlMK0/U6fYnWmI3PI/AAAAAAAAA9U/GPx0Bq1y9zc/s1600/14.JPG" alt="" width="300" height="225" /></p>\r\n<p>Dalemnya BTS hampir sama kaya MRT, cuman bedanya ini kereta jalanya diatas bukan dibawah tanah.</p>\r\n<p>Akhirnya, sampe juga di Hostel kita. Ga susah nyari hostel soalnya deket banget sama BTS Surasak. Nama Hostel nya Saphaipae Hostel. Recommended Banget Deh. Hostel ini juga deket sama Seven Eleven, jadi kalo mau butuh apa apa gampang banget.</p>\r\n<p>&nbsp;<img src="http://1.bp.blogspot.com/-1H66qSXYQyo/U6fZqYO81AI/AAAAAAAAA9k/Ey8M5gPwxI0/s1600/sam_3928.jpg" alt="" width="300" height="225" /></p>\r\n<p>Penampakan Hostelnya Nyomot dari Google.</p>\r\n<p>Sesampainya di hostel, kita cape banget donk pastinya. Lapaaaar pula. Selesai beres beres, solat, mandi, kita capcus deh ke Sevel buat nyari makanan. Hati hati ya banyak Porrrk. Setelah beli makanan, betapa terkejutnya kita (lebay) ternyata harganya murah murah donkkkkkkkk. Gw beli nasi chicken gitu harganya cuman 32Bath, kalo dirupiahin &nbsp;setara Rp. 11.500. Meskipun porsinya dikit tapi, lumayan mengenyangkan.</p>\r\n<p><img src="http://4.bp.blogspot.com/-Eb1WgW_yfNA/U6fal15EuzI/AAAAAAAAA9w/gnckj2LuV9M/s1600/16.JPG" alt="" width="300" height="225" /></p>\r\n<p>Enak</p>\r\n<p>Gw juga beli cemilan dan minuman yang total-totalnya sekitar 80Bath / Rp. 28.000.Saatnya Tiduuuuuur. . . Sekian perjalanan Trip Bangkok Day 1 kali ini. Next to Day 2. . . byeeee</p>\r\n<p>=================================================</p>\r\n<p><strong>Pengeluaran Day 1</strong></p>\r\n<ol>\r\n<li>Ongkos Bus Primajasa &nbsp;Bandung - Soetta : 90.000</li>\r\n<li>Makan KFC di Soetta Rp. 25.000</li>\r\n<li>AirportTax Rp. 150.000</li>\r\n<li>Pick A seat Rp. 30.000</li>\r\n<li>Makan di Pesawat Rp. 70.000</li>\r\n<li>Tiket Pesawat Jakarta - Bangkok Rp. 500.000 (Promo Airasia)</li>\r\n<li>Ongkos Bus A1 Rp. 5000</li>\r\n<li>Ongkos BTS Mo Chit - BTS Surasak Silom Rp. 15.000</li>\r\n<li>Hostel Saphaipae 3 Hari Rp. 492.000</li>\r\n<li>Makan dan Cemilan Rp. 28.000</li>\r\n</ol>\r\n<h4>Total Pengeluaran Day 1 : Rp. 1.405.000</h4>', 2, 5, 1, 169, -1, -1, '05/21/2014', '05/22/2014', '2014-07-09 00:11:36', '1405000', 'uploads/fp122.jpeg', 'published'),
(162, 2, 'Explore Bangkok - Day 2', '<p>Good Morning Bangkok !!!</p>\r\n<p>Selamat pagi hari Kamis, 22 Mei 2014.</p>\r\n<p>Hari ini rencana kita adalah berkunjung ke Wat Pho, Wat Arun, Grandpalace, Khaosan Road etc etc. Jam 7 masih pada tidur, tapi karena perut laper juga, akhirnya kita ke lobi buat sarapan, enaknya lagi ni Hostel udah ngasih voucher sarapan gratis tiap hari.</p>', 2, 5, 5, 169, -1, -1, '05/22/2014', '05/27/2014', '2014-07-09 00:19:11', '358000', 'uploads/fp162.jpeg', 'published'),
(166, 2, 'Jalan jalan malem di Hongkong', '<p>Lorem ipsum dolor ipsum dolor ipsum dolor ipsum dolor ipsum dolor ipsum dolor ipsum dolor ipsum dolor ipsum dolor ipsum dolor ipsum dolor ipsum dolor ipsum dolor ipsum dolor ipsum dolor ipsum dolor ipsum dolor ipsum dolor ipsum dolor ipsum dolor ipsum dolor ipsum dolor.</p>\r\n<p>Lore ipsum dolor ipsum dolor ipsum dolor ipsum dolor ipsum dolor ipsum dolor ipsum dolor ipsum dolor ipsum dolor ipsum dolor ipsum dolor.</p>', 2, 5, 5, -1, -1, -1, '07/10/2014', '07/15/2014', '2014-07-08 21:56:27', '45000000', 'uploads/fp166.jpeg', 'published'),
(167, 1, 'Jalan Jalan Men ! Korea Selatan - Part 1', '<p>Anyeonghaseyoooo meen :))</p>', 2, 2, 6, 85, -1, -1, '03/11/2014', '03/17/2014', '2014-07-09 00:25:52', '9800000', 'uploads/fp167.jpeg', 'published');

-- --------------------------------------------------------

--
-- Table structure for table `state`
--

CREATE TABLE IF NOT EXISTS `state` (
  `id` int(11) NOT NULL AUTO_INCREMENT,
  `country_id` int(11) NOT NULL,
  `state_name` varchar(50) NOT NULL,
  PRIMARY KEY (`id`)
) ENGINE=InnoDB  DEFAULT CHARSET=latin1 AUTO_INCREMENT=35 ;

--
-- Dumping data for table `state`
--

INSERT INTO `state` (`id`, `country_id`, `state_name`) VALUES
(1, 64, 'Aceh'),
(2, 64, 'Sumatera Utara'),
(3, 64, 'Sumatera Barat'),
(4, 64, 'Riau'),
(5, 64, 'Kepulauan Riau'),
(6, 64, 'Jambi'),
(7, 64, 'Bengkulu'),
(8, 64, 'Sumatera Selatan'),
(9, 64, 'Kepulauan Bangka Belitung'),
(10, 64, 'Lampung'),
(11, 64, 'Banten'),
(12, 64, 'Jawa Barat'),
(13, 64, 'DKI Jakarta'),
(14, 64, 'Jawa Tengah'),
(15, 64, 'Jawa Timur'),
(16, 64, 'DI Yogyakarta'),
(17, 64, 'Bali'),
(18, 64, 'Nusa Tenggara Barat'),
(19, 64, 'Nusa Tenggara Timur'),
(20, 64, 'Kalimantan Barat'),
(21, 64, 'Kalimantan Selatan'),
(22, 64, 'Kalimantan Tengah'),
(23, 64, 'Kalimantan TImur'),
(24, 64, 'Kalimantan Utara'),
(25, 64, 'Gorontalo'),
(26, 64, 'Sulawesi Selatan'),
(27, 64, 'Sulawesi Tenggara'),
(28, 64, 'Sulawesi Tengah'),
(29, 64, 'Sulawesi Utara'),
(30, 64, 'Sulawesi Barat'),
(31, 64, 'Maluku'),
(32, 64, 'Maluku Utara'),
(33, 64, 'Papua'),
(34, 64, 'Papua Barat');

-- --------------------------------------------------------

--
-- Table structure for table `subcategory`
--

CREATE TABLE IF NOT EXISTS `subcategory` (
  `id` int(11) NOT NULL AUTO_INCREMENT,
  `subcat_name` varchar(50) NOT NULL,
  `status` enum('Active','Deactive') DEFAULT 'Active',
  PRIMARY KEY (`id`)
) ENGINE=InnoDB  DEFAULT CHARSET=latin1 AUTO_INCREMENT=7 ;

--
-- Dumping data for table `subcategory`
--

INSERT INTO `subcategory` (`id`, `subcat_name`, `status`) VALUES
(1, 'Backpacker', 'Deactive'),
(2, 'Flashpacker', 'Active'),
(3, 'Mountaineering', 'Active'),
(4, 'Beach Lover', 'Active'),
(5, 'Explore City', 'Active'),
(6, 'Nyikreh', 'Active');

-- --------------------------------------------------------

--
-- Table structure for table `uploads`
--

CREATE TABLE IF NOT EXISTS `uploads` (
  `id` int(5) NOT NULL AUTO_INCREMENT,
  `id_user` int(5) NOT NULL,
  `name` varchar(50) NOT NULL,
  `image` blob NOT NULL,
  PRIMARY KEY (`id`)
) ENGINE=InnoDB DEFAULT CHARSET=latin1 AUTO_INCREMENT=1 ;

-- --------------------------------------------------------

--
-- Table structure for table `user`
--

CREATE TABLE IF NOT EXISTS `user` (
  `id_user` int(11) NOT NULL AUTO_INCREMENT,
  `first_name` varchar(100) NOT NULL,
  `last_name` varchar(100) NOT NULL,
  `username` varchar(30) NOT NULL,
  `password` varchar(41) NOT NULL,
  `email` varchar(50) NOT NULL,
  `tgl_lahir` varchar(10) NOT NULL,
  `gender` enum('L','P') DEFAULT NULL,
  `no_hp` varchar(15) DEFAULT NULL,
  `location` varchar(30) DEFAULT NULL,
  `profilpic` varchar(200) DEFAULT NULL,
  `coverpic` varchar(200) DEFAULT NULL,
  `status` enum('Active','Deactive') DEFAULT 'Active',
  PRIMARY KEY (`id_user`),
  UNIQUE KEY `username` (`username`),
  UNIQUE KEY `username_2` (`username`),
  UNIQUE KEY `username_3` (`username`)
) ENGINE=MyISAM  DEFAULT CHARSET=latin1 AUTO_INCREMENT=33 ;

--
-- Dumping data for table `user`
--

INSERT INTO `user` (`id_user`, `first_name`, `last_name`, `username`, `password`, `email`, `tgl_lahir`, `gender`, `no_hp`, `location`, `profilpic`, `coverpic`, `status`) VALUES
(1, 'Diotra', 'Henriyan', 'diotrahenriyan', '76a6616c4476381a5ed53de40a570bd5', 'diotra@kamarana.com', '11/28/1997', 'L', '08987922995', 'Bandung', 'uploads/pp1.jpeg', 'uploads/cp1.jpeg', 'Active'),
(2, 'Hany', 'Mustika', 'hany', 'f88e6e106ca9911db8034f61df7f7f23', 'hany@kamarana.com', '07/17/1990', 'P', '', 'Subang', 'uploads/pp2.jpeg', 'uploads/cp2.jpeg', 'Active'),
(3, 'Rafiq', 'Zafir', 'rafiq', '307b7e5708168525e0d1fc2ef0530fea', 'rafiq@kamarana.com', '', 'L', NULL, NULL, NULL, NULL, 'Active'),
(4, 'Prasetyadhi', 'Rachmawan', 'pras', '164361f78dbf22b529438ea4cc7f6496', 'pras@kamarana.com', '', 'L', NULL, NULL, NULL, NULL, 'Active'),
(22, 'Rizki', 'Fauzian', 'rizki', '3e089c076bf1ec3a8332280ee35c28d4', 'rizki@kamarana.com', '', 'L', NULL, NULL, NULL, NULL, 'Active'),
(20, 'Vicky', 'Aziz', 'vicky', '8af433519d6e385e89bb280f8002f2b2', 'vickyaziz@kamarana.com', '07/08/2014', 'L', '081899999999', 'Ciamis', NULL, NULL, 'Active'),
(19, 'Rifki', 'Wijaya', 'rifki', '2a5c4c5a5ba1c332279685ddec507cd9', 'rifkiwijaya@kamarana.com', '', 'L', '', 'Cimahi Utara', NULL, NULL, 'Active'),
(23, 'Wisnu', 'Siswantoko', 'wisnu', '67340a8acc49d521d7fdd25db913bf9d', 'wisnu@kamarana.com', '', 'L', '', 'Cimahi Tengah', NULL, 'uploads/cp23.jpeg', 'Active'),
(32, 'User', 'Demo', 'demo', 'demo', 'demo@kamarana.com', '', 'L', NULL, NULL, NULL, NULL, 'Active');

/*!40101 SET CHARACTER_SET_CLIENT=@OLD_CHARACTER_SET_CLIENT */;
/*!40101 SET CHARACTER_SET_RESULTS=@OLD_CHARACTER_SET_RESULTS */;
/*!40101 SET COLLATION_CONNECTION=@OLD_COLLATION_CONNECTION */;
